Descripción;ene-23;feb-23;mar-23;Total
HONDA;;;;
        HONDA WAVE 110 S;4.419;3.634;3.870;11.923
        HONDA XR150L;1.284;1.106;1.468;3.858
        HONDA GLH 150;1.082;1.125;1.505;3.712
        HONDA XR250 TORNADO;1.094;761;526;2.381
        HONDA CB125F TWISTER;366;286;690;1.342
        HONDA XR190L;384;347;524;1.255
        HONDA WAVE 110 S CD;484;359;362;1.205
        HONDA CB 250 TWISTER;432;245;208;885
        HONDA XR 250 TORNADO;;2;303;305
        HONDA NEW ELITE 125;30;38;79;147
        HONDA CB250 TWISTER;32;27;24;83
        HONDA PCX 150;29;16;18;63
        HONDA CG150 TITAN;17;17;14;48
        HONDA PCX 150 DLX;11;7;6;24
        HONDA XRE300;7;2;5;14
        HONDA CRF 230F;;5;4;9
        HONDA XRE 300 RALLY;3;1;5;9
        HONDA CB 190 R;;2;1;3
        HONDA CRF 1100D2L AFRICA TWIN ADVENTURE SPORTS;1;;1;2
        HONDA CRF 250R;;;2;2
        HONDA TRX420FM;1;;1;2
        HONDA ATC 110C;;;1;1
        HONDA BIZ 125 FI;;;1;1
        HONDA C100 BIZ;;;1;1
        HONDA CB 500 F;;;1;1
        HONDA CBR 1000 SP;1;;;1
        HONDA CF50 CHALY;1;;;1
        HONDA CG125 TITAN KS;;1;;1
        HONDA CM200TB;;;1;1
        HONDA CR80;;1;;1
        HONDA CRF 450R;;;1;1
        HONDA EVE;;1;;1
        HONDA NT110MT;;;1;1
        HONDA PCX 125;;1;;1
        HONDA TACC;1;;;1
        HONDA TRX 90;;1;;1
        HONDA TRX520FM1;;;1;1
        HONDA TRX-90P;;1;;1
        HONDA XR100;;1;;1
        HONDA XR100R;1;;;1
        HONDA XR250R;1;;;1
        HONDA XR80;1;;;1
Subtotal: HONDA;9.682;7.987;9.624;27.293
;;;;
MOTOMEL;;;;
        MOTOMEL B110;3.161;2.863;3.787;9.811
        MOTOMEL S2 150;1.140;943;1.239;3.322
        MOTOMEL CX 150;614;632;828;2.074
        MOTOMEL C110 DLX;301;287;440;1.028
        MOTOMEL S110;101;90;127;318
        MOTOMEL B110 TUNNING;91;72;69;232
        MOTOMEL SKUA 125 X-TREME;77;54;66;197
        MOTOMEL SIRIUS 190;46;52;52;150
        MOTOMEL STRATO EURO 150;52;38;53;143
        MOTOMEL SKUA 250;34;47;57;138
        MOTOMEL STRATO ALPINO 150;25;27;35;87
        MOTOMEL XMM;27;17;31;75
        MOTOMEL SKUA 250 ADVENTURE;23;15;29;67
        MOTOMEL SIRIUS 150;8;15;8;31
        MOTOMEL SIRIUS 250;6;5;4;15
        MOTOMEL SKUA 200;1;4;4;9
        MOTOMEL SR 200;2;;3;5
        MOTOMEL CITY CARGO 110;;1;1;2
        MOTOMEL S3 150;;1;;1
Subtotal: MOTOMEL;5.709;5.163;6.833;17.705
;;;;
CORVEN;;;;
        CORVEN ENERGY 110 BY CORVEN;2.872;3.010;5.053;10.935
        CORVEN TRIAX 150;503;488;649;1.640
        CORVEN MIRAGE 110;504;439;642;1.585
        CORVEN HUNTER 150;197;197;293;687
        CORVEN TRIAX 250;89;97;120;306
        CORVEN DX 70;51;73;127;251
        CORVEN EXPERT 150;51;43;72;166
        CORVEN TRIAX 200;50;45;45;140
        CORVEN EXPERT 80;34;24;42;100
        CORVEN TRIAX 250 TOURING;2;5;13;20
        CORVEN ENERGY 125;;;5;5
Subtotal: CORVEN;4.353;4.421;7.061;15.835
;;;;
ZANELLA;;;;
        ZANELLA ZB 110;1.559;1.233;1.688;4.480
        ZANELLA ZB 110 RT;1.105;855;1.122;3.082
        ZANELLA RX 150 Z7;277;323;498;1.098
        ZANELLA DUE CLASSIC;343;264;368;975
        ZANELLA ZR 150 ZT;249;271;333;853
        ZANELLA ZB 125 R;147;133;224;504
        ZANELLA STYLER 150 EXCLUSIVE;119;99;143;361
        ZANELLA ZR 150;69;91;100;260
        ZANELLA HOT 90;71;78;107;256
        ZANELLA SAPUCAI 150 F;70;69;104;243
        ZANELLA PATAGONIAN EAGLE 150;61;46;59;166
        ZANELLA CECCATO R 150;58;43;63;164
        ZANELLA STYLER 150 RT;30;22;34;86
        ZANELLA RZ 650 MT;42;20;23;85
        ZANELLA CRUISER X 150;21;32;25;78
        ZANELLA Z MAX 200;24;22;28;74
        ZANELLA RZ 400;12;13;12;37
        ZANELLA ZR 250;5;11;17;33
        ZANELLA CRUISER X1;12;3;11;26
        ZANELLA ZR 200;5;6;14;25
        ZANELLA CECCATO X 700;7;6;5;18
        ZANELLA RZ 300;6;7;5;18
        ZANELLA RZ 650;8;1;7;16
        ZANELLA RX150;3;5;7;15
        ZANELLA CECCATO 250 X;3;1;5;9
        ZANELLA PATAGONIAN EAGLE 250;2;2;5;9
        ZANELLA RX 150 G3;3;1;2;6
        ZANELLA GFORCE250;;2;3;5
        ZANELLA DUE CLASSIC 110;3;;;3
        ZANELLA OTROS;1;;2;3
        ZANELLA ZB 110 D;;1;2;3
        ZANELLA GT2I;1;1;;2
        ZANELLA STYLER 150 RS;;1;1;2
        ZANELLA 125 RUTERA;;1;;1
        ZANELLA 50 V3 KS;1;;;1
        ZANELLA CECCATO V 250 I;;;1;1
        ZANELLA CICLOMOTOR 50V3 KS;1;;;1
        ZANELLA PATAGONIAN EAGLE 350;1;;;1
        ZANELLA PONDEROSA;1;;;1
        ZANELLA RB 200;;;1;1
        ZANELLA RX 150 NEXT;;1;;1
        ZANELLA RZ 25;1;;;1
        ZANELLA TURISMO;1;;;1
        ZANELLA V3;1;;;1
        ZANELLA ZANELLA ESPECIAL;1;;;1
Subtotal: ZANELLA;4.324;3.664;5.019;13.007
;;;;
GILERA;;;;
        GILERA SMASH;2.231;2.437;4.140;8.808
        GILERA SAHEL 150;172;175;263;610
        GILERA VC 150;166;145;259;570
        GILERA SMX 200;130;124;213;467
        GILERA VOGE 500DS;51;35;77;163
        GILERA SMX 250;36;55;48;139
        GILERA SG 150;26;32;71;129
        GILERA VOGE 650DS;50;29;45;124
        GILERA AC4;22;24;49;95
        GILERA VOGE 300DS;46;25;23;94
        GILERA VOGE 300AC;18;27;38;83
        GILERA VOGE 300 RALLY;;25;23;48
        GILERA VOGE 300;23;9;13;45
        GILERA VOGE 500R;23;11;11;45
        GILERA VC 200 R;14;12;13;39
        GILERA GX1;10;12;16;38
        GILERA VC 70;8;3;21;32
        GILERA EG2;2;2;2;6
        GILERA YL 200;2;1;2;5
        GILERA SUPER SPORT;2;1;;3
        GILERA EXTRA;;;2;2
        GILERA FUTURA;1;;1;2
        GILERA SUPER SPORT 150;1;1;;2
        GILERA 1970;;1;;1
        GILERA EXTRA 200;;1;;1
        GILERA G150 SUPER SPORT;1;;;1
        GILERA GILERA 200;;;1;1
        GILERA GT200;;1;;1
        GILERA MACHO;1;;;1
        GILERA MONOSHOCK;;1;;1
        GILERA SPORT;;1;;1
        GILERA SPRING 200;1;;;1
        GILERA SPRING COUNTRY TC;1;;;1
        GILERA SPRINT COUNTRY;1;;;1
        GILERA VC150 SUPER SPORT;;;1;1
Subtotal: GILERA;3.039;3.190;5.332;11.561
;;;;
BAJAJ;;;;
        BAJAJ ROUSER 200;883;726;1.026;2.635
        BAJAJ ROUSER NS 125;690;544;582;1.816
        BAJAJ DOMINAR D400;398;299;416;1.113
        BAJAJ ROUSER NS 160;298;253;203;754
        BAJAJ DOMINAR 250;246;207;185;638
        BAJAJ BOXER BM 150;134;135;134;403
        BAJAJ ROUSER RS 200;2;10;6;18
        BAJAJ ROUSER NS 200 FI ABS;2;3;5;10
        BAJAJ AVENGER 220;5;2;2;9
        BAJAJ V15;;2;5;7
        BAJAJ ROUSER 135;;3;2;5
        BAJAJ 150;;;1;1
        BAJAJ DISCOVER 125;1;;;1
        BAJAJ ROUSER 220;;;1;1
Subtotal: BAJAJ;2.659;2.184;2.568;7.411
;;;;
MONDIAL;;;;
        MONDIAL LD 110 MAX-RT;782;453;345;1.580
        MONDIAL LD 110 MAX-AD;462;342;569;1.373
        MONDIAL LD 110-RT;150;315;697;1.162
        MONDIAL LD 110 S;249;298;352;899
        MONDIAL TD150L;135;119;111;365
        MONDIAL RD 150N-RT;111;80;112;303
        MONDIAL DAX 70;64;54;92;210
        MONDIAL RD 150N-AD;58;43;58;159
        MONDIAL TD 250;24;17;23;64
        MONDIAL RD 150 CLASSIC;19;15;24;58
        MONDIAL MD 150;16;10;25;51
        MONDIAL MD 150 ALLEGRO;10;19;21;50
        MONDIAL RV 125;6;7;7;20
        MONDIAL HD 250;9;6;4;19
        MONDIAL W150;6;4;9;19
        MONDIAL HD 150;;1;8;9
        MONDIAL LD 110-AD;2;3;;5
        MONDIAL RD150 H;;1;1;2
Subtotal: MONDIAL;2.103;1.787;2.458;6.348
;;;;
KELLER;;;;
        KELLER KN110-8;1.608;1.383;2.013;5.004
        KELLER KN150-13;123;84;134;341
        KELLER KN150GY;82;61;66;209
        KELLER KN200GY;25;15;7;47
        KELLER KN250GY;8;3;12;23
Subtotal: KELLER;1.846;1.546;2.232;5.624
;;;;
YAMAHA;;;;
        YAMAHA YBR 125 ED;822;354;311;1.487
        YAMAHA T110;426;373;446;1.245
        YAMAHA FZ FI;217;133;156;506
        YAMAHA XTZ 125 E;214;123;155;492
        YAMAHA FZ-S FI D;123;117;161;401
        YAMAHA YBR 125 Z;68;91;211;370
        YAMAHA FZ 25;91;74;78;243
        YAMAHA FASCINO 125 FI;84;55;70;209
        YAMAHA RAY ZR 125 FI;53;35;72;160
        YAMAHA CYGNUS RAY ZR;63;33;35;131
        YAMAHA XTZ 250 ABS;45;24;20;89
        YAMAHA NM-X 155;33;11;4;48
        YAMAHA YFM 700 R;18;9;4;31
        YAMAHA XTZ 150;3;5;6;14
        YAMAHA MT 03A;4;1;7;12
        YAMAHA SZ 15 RR;4;1;2;7
        YAMAHA NMAX CONNECTED;;;6;6
        YAMAHA XTZ 250;3;;;3
        YAMAHA FZ-S FI;1;1;;2
        YAMAHA SUPER TENERE;2;;;2
        YAMAHA DT 125;;1;;1
        YAMAHA RD 400;1;;;1
        YAMAHA RX 125;1;;;1
        YAMAHA YBR 125;;;1;1
        YAMAHA YZ 250;1;;;1
        YAMAHA YZ 250 F;;;1;1
Subtotal: YAMAHA;2.277;1.441;1.746;5.464
;;;;
GUERRERO;;;;
        GUERRERO G110 TRIP;577;555;632;1.764
        GUERRERO G125 TRIP;53;49;68;170
        GUERRERO GC150 URBAN;45;36;41;122
        GUERRERO GT70;32;25;50;107
        GUERRERO GXL 150 TUNDRA;13;30;23;66
        GUERRERO G3R200;6;4;1;11
        GUERRERO GXR250 TUNDRA;3;1;1;5
        GUERRERO GRM 150;1;;;1
Subtotal: GUERRERO;730;700;816;2.246
;;;;
BENELLI;;;;
        BENELLI TNT 15;114;134;119;367
        BENELLI TRK 502 X;125;71;128;324
        BENELLI 302 S;110;91;119;320
        BENELLI 180 S;72;70;104;246
        BENELLI TRK 502;80;62;87;229
        BENELLI TRK 251;74;52;64;190
        BENELLI LEONCINO 250;29;24;40;93
        BENELLI 752S;21;23;21;65
        BENELLI TNT 600;16;21;22;59
        BENELLI LEONCINO 500;20;14;19;53
        BENELLI 502C;18;12;18;48
        BENELLI IMPERIALE 400;20;7;13;40
        BENELLI TNT 135;4;2;5;11
        BENELLI 302 R;1;1;1;3
        BENELLI TNT 600 GT;3;;;3
        BENELLI TNT 25;;1;1;2
        BENELLI TNT 300;;1;1;2
Subtotal: BENELLI;707;586;762;2.055
;;;;
ROYAL ENFIELD;;;;
        ROYAL ENFIELD INTERCEPTOR 650;127;107;192;426
        ROYAL ENFIELD HIMALAYAN 411;180;90;138;408
        ROYAL ENFIELD CLASSIC 350;76;58;98;232
        ROYAL ENFIELD METEOR 350;114;63;55;232
        ROYAL ENFIELD SCRAM;67;39;40;146
        ROYAL ENFIELD CONTINENTAL 650;19;5;3;27
Subtotal: ROYAL ENFIELD;583;362;526;1.471
;;;;
KTM;;;;
        KTM DUKE 200;135;114;145;394
        KTM 390 ADVENTURE;77;63;122;262
        KTM DUKE 250;37;23;47;107
        KTM DUKE 390;33;12;20;65
        KTM 250 ADVENTURE;16;15;16;47
        KTM 790 ADVENTURE R;14;16;12;42
        KTM 790 ADVENTURE;15;14;11;40
        KTM DUKE 200 G2;10;10;8;28
        KTM RC 390 G2;7;5;3;15
        KTM RC 200;9;1;3;13
        KTM 1290 SUPER ADVENTURE S;2;;3;5
        KTM 350 EXC-F;1;1;1;3
        KTM KTM 350 EXC-F;;2;1;3
        KTM SX-F 350;;;3;3
        KTM 1090 ADVENTURE R;;;1;1
        KTM 250 SX-F;1;;;1
        KTM 65 SX;;;1;1
Subtotal: KTM;357;276;397;1.030
;;;;
HERO;;;;
        HERO XPULSE 200;108;99;130;337
        HERO HUNK 150;137;77;70;284
        HERO HUNK 190R;48;48;46;142
        HERO HUNK 160R;25;36;61;122
        HERO DASH;10;17;15;42
        HERO XPULSE 200T;4;5;9;18
        HERO IGNITOR;;2;2;4
        HERO HUNK 200;;;1;1
Subtotal: HERO;332;284;334;950
;;;;
SUZUKI;;;;
        SUZUKI AX 100;223;193;286;702
        SUZUKI GN 125-F;71;47;72;190
        SUZUKI DL650;17;3;6;26
        SUZUKI DL1050RC;2;1;5;8
        SUZUKI GSX 750;1;;1;2
        SUZUKI RM-Z450;1;1;;2
        SUZUKI AX-100;;1;;1
        SUZUKI FZ 50;;;1;1
        SUZUKI LT 50;1;;;1
        SUZUKI TS 185 ER;;;1;1
Subtotal: SUZUKI;316;246;372;934
;;;;
KAWASAKI;;;;
        KAWASAKI VERSYS X 300 ABS;97;65;124;286
        KAWASAKI Z 400 ABS;63;57;68;188
        KAWASAKI KLR 650;58;51;53;162
        KAWASAKI VERSYS 650 ABS;46;20;34;100
        KAWASAKI NINJA 400 ABS;28;21;26;75
        KAWASAKI BRUTE FORCE 300;;3;20;23
        KAWASAKI Z 900 ABS;5;2;12;19
        KAWASAKI Z 650 ABS;4;3;10;17
        KAWASAKI NINJA ZX-10R ABS;4;4;4;12
        KAWASAKI NINJA 650 ABS;5;2;1;8
        KAWASAKI KX250F;1;2;3;6
        KAWASAKI KX450F;1;2;;3
        KAWASAKI NINJA 400;1;1;1;3
        KAWASAKI VERSYS 1000 ABS;1;;2;3
        KAWASAKI KX85;;1;1;2
        KAWASAKI NINJA 1000;1;1;;2
        KAWASAKI BAYON 220;;1;;1
        KAWASAKI GPZ 250R;;;1;1
        KAWASAKI KX 250;;1;;1
        KAWASAKI NINJA 1000 SX;;;1;1
        KAWASAKI VULCAN 900 CUSTOM;;1;;1
Subtotal: KAWASAKI;315;238;361;914
;;;;
SIAM;;;;
        SIAM QU 110;272;272;261;805
        SIAM TRENDER 150;25;15;11;51
        SIAM N4;6;5;17;28
Subtotal: SIAM;303;292;289;884
;;;;
KYMCO;;;;
        KYMCO AGILITY 125;93;82;102;277
        KYMCO X-TOWN 250I;40;39;32;111
        KYMCO AGILITY 200I;32;22;22;76
        KYMCO AGILITY RS 125 NAKED;21;21;33;75
        KYMCO DOWNTOWN 350I ABS;33;11;24;68
        KYMCO LIKE 125;15;14;38;67
        KYMCO LIKE 200I;9;6;9;24
        KYMCO PEOPLE S 150I;9;5;10;24
        KYMCO LIKE 150I;5;1;2;8
        KYMCO XCITING S 400I;1;;;1
Subtotal: KYMCO;258;201;272;731
;;;;
CFMOTO;;;;
        CFMOTO 650MT;59;57;67;183
        CFMOTO 400 NK;39;44;60;143
        CFMOTO 300NK;20;29;43;92
        CFMOTO 650GT;15;12;9;36
        CFMOTO ATV CFORCE 625;11;4;13;28
        CFMOTO 800MT TOURING;;;20;20
        CFMOTO 650 NK;;9;9;18
        CFMOTO ATV CFORCE 400;5;6;5;16
        CFMOTO ATV CFORCE 1000;3;5;6;14
        CFMOTO ZFORCE 1000 SPORT;2;3;4;9
        CFMOTO 700CL-X;;;3;3
        CFMOTO ZFORCE 800 EX;1;;2;3
        CFMOTO CFORCE 1000;;1;;1
Subtotal: CFMOTO;155;170;241;566
;;;;
BRAVA;;;;
        BRAVA NEVADA 110;151;80;147;378
        BRAVA NEVADA 125;21;28;36;85
        BRAVA ALTINO 150;9;5;12;26
        BRAVA ELEKTRA 150;12;4;8;24
        BRAVA LAZER 70;5;4;8;17
        BRAVA TEXANA HS 250;2;3;6;11
Subtotal: BRAVA;200;124;217;541
;;;;
TVS;;;;
        TVS RTR 200;85;58;71;214
        TVS RTR 160;48;35;29;112
        TVS NTORQ 125;31;36;41;108
        TVS RTR 150;1;;1;2
        TVS RR 310;;1;;1
Subtotal: TVS;165;130;142;437
;;;;
BETA;;;;
        BETA TEMPO 150;57;46;50;153
        BETA ZONTES 310X;19;8;8;35
        BETA RR 125 MINI;8;11;13;32
        BETA RR 110 MINI;6;7;12;25
        BETA MINICROSS 50;5;5;;10
        BETA RR 300 2T;4;4;1;9
        BETA TR 2.0;;4;;4
        BETA AKVO 200 RR;2;;1;3
        BETA RR 150 4T;2;1;;3
        BETA RR 350 X;1;1;;2
        BETA RR 430;;1;1;2
        BETA ZONTES 310R;;2;;2
        BETA MOTARD 2.0;;;1;1
        BETA MOTARD 2.5;;;1;1
        BETA RR 480;1;;;1
        BETA RR 4T 390;;1;;1
Subtotal: BETA;105;91;88;284
;;;;
RVM;;;;
        RVM CZ 250;34;28;46;108
        RVM TEKKEN 250;18;12;25;55
        RVM TEKKEN 300;30;12;9;51
        RVM 500-2;17;6;6;29
        RVM 250-9;5;4;6;15
        RVM 400 TWINS;;;1;1
        RVM V 800;;1;;1
Subtotal: RVM;104;63;93;260
;;;;
SUNRA;;;;
        SUNRA HAWK;11;10;20;41
        SUNRA GRACE;9;11;20;40
        SUNRA LEO;10;10;10;30
        SUNRA LMJR;6;6;11;23
        SUNRA MIKU SUPER;3;4;4;11
        SUNRA ANGER-S;3;1;2;6
        SUNRA KING KONG;1;1;3;5
        SUNRA LMJR HIGHSPEED;;;4;4
        SUNRA MIKU MAX;1;2;1;4
        SUNRA ROBO;;1;3;4
        SUNRA ANGER;;;2;2
        SUNRA KAGOO;1;1;;2
        SUNRA HAWK 3.0KW;1;;;1
        SUNRA HAWK 3.0 KW;1;;;1
        SUNRA MIKU MAX 0.8 KW;1;;;1
        SUNRA PANTHER 0.2 KW;;1;;1
Subtotal: SUNRA;48;48;80;176
;;;;
ELPRA ELECTRIC;;;;
        ELPRA ELECTRIC INDIE;19;11;14;44
        ELPRA ELECTRIC MASTER;13;17;13;43
        ELPRA ELECTRIC CITY-M8-CITY CHOPER- CY;19;10;13;42
        ELPRA ELECTRIC TRES DUO;6;11;4;21
        ELPRA ELECTRIC FOLK/ZMAJ05;3;1;8;12
        ELPRA ELECTRIC PONY;1;3;;4
        ELPRA ELECTRIC TWIST/LX05/TW;3;;;3
        ELPRA ELECTRIC CITY-M8-CITY CHOPER-CY 1.5KW;;;1;1
Subtotal: ELPRA ELECTRIC;64;53;53;170
;;;;
HUSQVARNA;;;;
        HUSQVARNA SVARTPILEN 401;21;7;31;59
        HUSQVARNA SVARTPILEN 200;22;16;19;57
        HUSQVARNA NORDEN 901;2;1;12;15
        HUSQVARNA VITPILEN 401;3;3;5;11
        HUSQVARNA TE 300I;3;2;5;10
        HUSQVARNA 701 ENDURO;5;;;5
        HUSQVARNA FC 350;1;1;;2
        HUSQVARNA FE 350;;;2;2
        HUSQVARNA TE 250 I;1;;1;2
        HUSQVARNA EE 5;1;;;1
        HUSQVARNA FC 250;1;;;1
        HUSQVARNA SVARTPILEN 701;;;1;1
        HUSQVARNA TC 125;;1;;1
        HUSQVARNA TC 65;1;;;1
        HUSQVARNA VITPLEN 701;;1;;1
Subtotal: HUSQVARNA;61;32;76;169
;;;;
APRILIA;;;;
        APRILIA APRILIA SR 160;46;51;40;137
        APRILIA TUAREG 660;4;1;10;15
        APRILIA RS 660;1;;;1
        APRILIA SHIVER 900;;1;;1
Subtotal: APRILIA;51;53;50;154
;;;;
BETAMOTOR;;;;
        BETAMOTOR ZT310T;35;9;20;64
        BETAMOTOR ZT310V;8;5;9;22
        BETAMOTOR ZT310R;8;7;5;20
        BETAMOTOR ZT155-G;;;16;16
        BETAMOTOR ZT155-U;;;7;7
Subtotal: BETAMOTOR;51;21;57;129
;;;;
KEEWAY;;;;
        KEEWAY KLIGHT 202;27;19;37;83
        KEEWAY RK 150;10;4;3;17
        KEEWAY TARGET 125;1;2;;3
        KEEWAY TX 200;;;1;1
Subtotal: KEEWAY;38;25;41;104
;;;;
HAOJUE;;;;
        HAOJUE NK 150;18;13;15;46
        HAOJUE DR 160;1;10;16;27
Subtotal: HAOJUE;19;23;31;73
;;;;
DUCATI;;;;
        DUCATI SCRAMBLER ICON;;;15;15
        DUCATI SCRAMBLER 800 ICON;;7;6;13
        DUCATI SCRAMBLER 800 ICON DARK;;2;10;12
        DUCATI MULTISTRADA 950 S;2;2;6;10
        DUCATI SCRAMBLER ICON DARK;;3;7;10
        DUCATI SCRAMBLER 400 SIXTY 2;1;1;1;3
        DUCATI MONSTER 797;1;;1;2
        DUCATI MULTISTRADA 950;;;2;2
        DUCATI 65CC;;1;;1
        DUCATI MONSTER 821 STEALTH;;1;;1
        DUCATI PANIGALE V2;;;1;1
        DUCATI PANIGALE V4S;1;;;1
Subtotal: DUCATI;5;17;49;71
;;;;
KIDEN;;;;
        KIDEN KD 150 Z;19;16;21;56
        KIDEN KD 250 V;3;4;5;12
Subtotal: KIDEN;22;20;26;68
;;;;
OKINOI;;;;
        OKINOI OKINOI 110;10;11;8;29
        OKINOI DROP 125;4;7;5;16
        OKINOI ROMA 125;6;6;;12
        OKINOI OKN 250;1;1;2;4
        OKINOI OKN 300;1;1;;2
        OKINOI ST150;;1;1;2
        OKINOI ROMA ELECTRICA;;;1;1
Subtotal: OKINOI;22;27;17;66
;;;;
CERRO;;;;
        CERRO CE 110;10;11;23;44
        CERRO CHAMICAL CE 150;1;1;1;3
Subtotal: CERRO;11;12;24;47
;;;;
JAWA;;;;
        JAWA 250;13;17;12;42
Subtotal: JAWA;13;17;12;42
;;;;
LIFAN;;;;
        LIFAN LF125;5;3;4;12
        LIFAN V16;4;4;1;9
        LIFAN LF150;1;2;5;8
        LIFAN KPV150;;;3;3
        LIFAN LF150T;2;;1;3
        LIFAN KP200M;;2;;2
        LIFAN KP350;;;2;2
        LIFAN XP200;;2;;2
Subtotal: LIFAN;12;13;16;41
;;;;
SUPER SOCO;;;;
        SUPER SOCO TC MAX;9;8;2;19
        SUPER SOCO CPX;4;2;2;8
        SUPER SOCO CUX 2.788KW;;3;2;5
        SUPER SOCO TC WANDERER;2;1;;3
        SUPER SOCO TC;1;;1;2
        SUPER SOCO CU MINI;;;1;1
        SUPER SOCO CUX DUCATI;;1;;1
        SUPER SOCO TC MAX 3.0 KW;1;;;1
        SUPER SOCO TS;1;;;1
Subtotal: SUPER SOCO;18;15;8;41
;;;;
PIAGGIO;;;;
        PIAGGIO VESPA GTS 300;12;5;9;26
        PIAGGIO ALLSTATE;;;1;1
        PIAGGIO GS 150;;;1;1
        PIAGGIO GS 160;;;1;1
        PIAGGIO PRIMAVERA 125;;;1;1
        PIAGGIO SALUTE;1;;;1
        PIAGGIO SUPER SPRINT 150;;;1;1
        PIAGGIO VESPA 125;;;1;1
        PIAGGIO VESPA 150;;;1;1
        PIAGGIO VESPA 200;;;1;1
        PIAGGIO VESPA 50;;;1;1
        PIAGGIO VESPA VBA1M;1;;;1
Subtotal: PIAGGIO;14;5;18;37
;;;;
SYM;;;;
        SYM CITYCOM 300;11;6;8;25
        SYM FIDDLE II 150 S;2;2;2;6
        SYM SYMPHONY 125;1;2;;3
        SYM CROX 125;1;1;;2
Subtotal: SYM;15;11;10;36
;;;;
LUCKY LION;;;;
        LUCKY LION LUNA-MOON;7;5;7;19
        LUCKY LION S1-AIR;5;;2;7
        LUCKY LION F 10-ITALIAN;;3;;3
        LUCKY LION F11-STAR;;2;;2
        LUCKY LION DINAMIC 0.8KW;1;;;1
        LUCKY LION EB 93-DINAMIC;;;1;1
        LUCKY LION ET09;1;;;1
Subtotal: LUCKY LION;14;10;10;34
;;;;
TRIUMPH;;;;
        TRIUMPH SPEED TWIN;1;1;5;7
        TRIUMPH STREET TWIN 900;3;;1;4
        TRIUMPH BONNEVILLE BOBBER 1200;1;;1;2
        TRIUMPH BONNEVILLE SPEEDMASTER;;1;1;2
        TRIUMPH BONNEVILLE T100;1;;1;2
        TRIUMPH BONNEVILLE T120;1;;1;2
        TRIUMPH ROCKET 3 GT;1;;;1
        TRIUMPH SCRAMBLER 1200 XE;1;;;1
        TRIUMPH TIGER 900;1;;;1
        TRIUMPH TIGER 900 RALLY;;1;;1
        TRIUMPH TIGER SPORT;;;1;1
Subtotal: TRIUMPH;10;3;11;24
;;;;
BMW;;;;
        BMW R 1250 GS;1;1;4;6
        BMW R 1250 GS ADVENTURE;1;;2;3
        BMW S 1000 XR;1;1;1;3
        BMW S 1000 RR;;;2;2
        BMW R 18;;1;;1
        BMW R100RS;;1;;1
Subtotal: BMW;3;4;9;16
;;;;
YADEA;;;;
        YADEA S-LIKE;3;5;7;15
Subtotal: YADEA;3;5;7;15
;;;;
PUMA;;;;
        PUMA CUARTA SERIE;2;;1;3
        PUMA PUMA 98;;;2;2
        PUMA 1960;;1;;1
        PUMA 1961;1;;;1
        PUMA 1966;;1;;1
        PUMA 5° SERIE;;1;;1
        PUMA PRIMERA SERIE;;;1;1
        PUMA SEGUNDA SERIE;;;1;1
        PUMA SERIE 2;;;1;1
        PUMA SUPERSPORT;;1;;1
Subtotal: PUMA;3;4;6;13
;;;;
SIAMBRETTA;;;;
        SIAMBRETTA 175 TV;2;;;2
        SIAMBRETTA 125 LD;1;;;1
        SIAMBRETTA 125 STANDAR;1;;;1
        SIAMBRETTA 1958;1;;;1
        SIAMBRETTA INOCCENTI SIAM 48;;1;;1
        SIAMBRETTA SIAMBRETTA LD 125 STD;1;;;1
        SIAMBRETTA STANDARD;1;;;1
        SIAMBRETTA TV 175;;1;;1
Subtotal: SIAMBRETTA;7;2;;9
;;;;
INDIAN;;;;
        INDIAN SCOUT BOBBER;1;;2;3
        INDIAN SUPER CHIEF LIMITED;2;;;2
        INDIAN CHALLENGER;;;1;1
        INDIAN SCOUT 1130;;1;;1
Subtotal: INDIAN;3;1;3;7
;;;;
MV AGUSTA;;;;
        MV AGUSTA TURISMO VELOCE 800 LUSSO SCS;;1;1;2
        MV AGUSTA BRUTALE 800 RR;;1;;1
        MV AGUSTA BRUTALE ROSSO;1;;;1
        MV AGUSTA TURISMO VELOCE LUSSO;1;;;1
Subtotal: MV AGUSTA;2;2;1;5
;;;;
KAYO;;;;
        KAYO K6;1;1;2;4
Subtotal: KAYO;1;1;2;4
;;;;
POLARIS;;;;
        POLARIS SPORTSMAN 570 EFI;2;;;2
        POLARIS SPORTSMAN TOURING 570 EFI;;;1;1
        POLARIS SPORTSMAN TOURING XP 1000;1;;;1
Subtotal: POLARIS;3;;1;4
;;;;
;;;;
         1959;1;;;1
         PC50;1;;;1
         VESPA 125 CC;;;1;1
Subtotal:;2;;1;3
;;;;
GAMMA;;;;
        GAMMA MOUNTAINEER 800 LTD;;2;1;3
Subtotal: GAMMA;;2;1;3
;;;;
HARLEY DAVIDSON;;;;
        HARLEY DAVIDSON FLHCS HERITAGE CLASSIC 114;;;1;1
        HARLEY DAVIDSON PAN AMERICA 1250 SPECIAL;;;1;1
        HARLEY DAVIDSON SPORTEK;1;;;1
Subtotal: HARLEY DAVIDSON;1;;2;3
;;;;
MOTO GUZZI;;;;
        MOTO GUZZI V85 TT;1;2;;3
Subtotal: MOTO GUZZI;1;2;;3
;;;;
NUUV;;;;
        NUUV N SPORT;1;1;1;3
Subtotal: NUUV;1;1;1;3
;;;;
OTROS;;;;
        OTROS;2;;;2
        OTROS EXTRA 200;1;;;1
Subtotal: OTROS;3;;;3
;;;;
VOGE;;;;
        VOGE 300 AC;;2;;2
        VOGE 500DS;1;;;1
Subtotal: VOGE;1;2;;3
;;;;
DKW;;;;
        DKW DKW150 RT;1;;;1
        DKW RT 150;;1;;1
Subtotal: DKW;1;1;;2
;;;;
GUZZI;;;;
        GUZZI CARDELLINO 2DA SERIE;;1;;1
        GUZZI LODOLA 175;1;;;1
Subtotal: GUZZI;1;1;;2
;;;;
JUNIORS;;;;
        JUNIORS JUNIORS;;1;;1
        JUNIORS JUNIORS 125;;;1;1
Subtotal: JUNIORS;;1;1;2
;;;;
808;;;;
        808 808;1;;;1
Subtotal: 808;1;;;1
;;;;
BES;;;;
        BES FERRARI;1;;;1
Subtotal: BES;1;;;1
;;;;
BSE;;;;
        BSE C10;;1;;1
Subtotal: BSE;;1;;1
;;;;
CAKE;;;;
        CAKE OSA+;1;;;1
Subtotal: CAKE;1;;;1
;;;;
DA DALT;;;;
        DA DALT PRETI 50;1;;;1
Subtotal: DA DALT;1;;;1
;;;;
DERRI;;;;
        DERRI 1960;1;;;1
Subtotal: DERRI;1;;;1
;;;;
ECOOTER;;;;
        ECOOTER E2 L1E;;;1;1
Subtotal: ECOOTER;;;1;1
;;;;
GAF;;;;
        GAF GX 250;1;;;1
Subtotal: GAF;1;;;1
;;;;
GHIGGERI;;;;
        GHIGGERI CITTA 150;;;1;1
Subtotal: GHIGGERI;;;1;1
;;;;
GÜIZZO;;;;
        GÜIZZO ALPINO;1;;;1
Subtotal: GÜIZZO;1;;;1
;;;;
JIANSHE;;;;
        JIANSHE JS 125-7F;1;;;1
Subtotal: JIANSHE;1;;;1
;;;;
LAMBRETA;;;;
        LAMBRETA CENTO;1;;;1
Subtotal: LAMBRETA;1;;;1
;;;;
LAMBRETTA;;;;
        LAMBRETTA LD 125;1;;;1
Subtotal: LAMBRETTA;1;;;1
;;;;
LINHAI YAMAHA;;;;
        LINHAI YAMAHA CL100-4;;1;;1
Subtotal: LINHAI YAMAHA;;1;;1
;;;;
LUJAN HERMANOS;;;;
        LUJAN HERMANOS LUJAN;;1;;1
Subtotal: LUJAN HERMANOS;;1;;1
;;;;
MADEMOTO;;;;
        MADEMOTO ES8004 1.5 KW;1;;;1
Subtotal: MADEMOTO;1;;;1
;;;;
MAVERICK;;;;
        MAVERICK MA100-2B;1;;;1
Subtotal: MAVERICK;1;;;1
;;;;
MI-VAL;;;;
        MI-VAL MI-VAL 125 2T;1;;;1
Subtotal: MI-VAL;1;;;1
;;;;
MONTESA;;;;
        MONTESA COTA;1;;;1
Subtotal: MONTESA;1;;;1
;;;;
MS 50;;;;
        MS 50 MONDIAL;;;1;1
Subtotal: MS 50;;;1;1
;;;;
NORTON;;;;
        NORTON ES2/ 1948;1;;;1
Subtotal: NORTON;1;;;1
;;;;
PUCH;;;;
        PUCH 1959;1;;;1
Subtotal: PUCH;1;;;1
;;;;
RUMI;;;;
        RUMI FORMICHINO;;1;;1
Subtotal: RUMI;;1;;1
;;;;
VESPA;;;;
        VESPA VESPA;1;;;1
Subtotal: VESPA;1;;;1
;;;;
VYATKA;;;;
        VYATKA 150CC;;;1;1
Subtotal: VYATKA;;;1;1
;;;;
TOTAL;41.163;35.584;48.411;125.158
